{
    "version": 0,
    "width": 1024,
    "height": 1024,
    "mipCount": 11,
    "byteSize": 11184808,
    "materials": {
        "grass01": {
            "scale": 1.4,
            "albedo": [
                0.05377528816461563,
                0.0682932659983635,
                0.011833097785711288
            ],
            "roughness": 1,
            "metalness": 0
        },
        "clean_pebbles": {
            "scale": 2,
            "albedo": [
                0.2969224378466606,
                0.24552897736430168,
                0.20576949790120125
            ],
            "roughness": 0.7656364478170872,
            "metalness": 0
        },
        "aerial_asphalt_01": {
            "scale": 30,
            "albedo": [
                0.1357368789613247,
                0.1243489645421505,
                0.13858172670006752
            ],
            "roughness": 0.7723382189869881,
            "metalness": 0
        },
        "asphalt_plain": {
            "scale": 2,
            "albedo": [
                0.06605971604585648,
                0.06529120355844498,
                0.06990016251802444
            ],
            "roughness": 0.7053914740681648,
            "metalness": 0
        },
        "asphalt_03": {
            "scale": 2,
            "albedo": [
                0.08312901481986046,
                0.05551566183567047,
                0.038384269922971725
            ],
            "roughness": 0.7877454236149788,
            "metalness": 0
        },
        "hexagonal_concrete_paving": {
            "scale": 1.6,
            "albedo": [
                0.40567298606038094,
                0.33098509535193443,
                0.23934803158044815
            ],
            "roughness": 0.868381604552269,
            "metalness": 0
        },
        "herringbone_pavement": {
            "scale": 2,
            "albedo": [
                0.10799658671021461,
                0.0800250917673111,
                0.054133690893650055
            ],
            "roughness": 0.8405128866434097,
            "metalness": 0
        },
        "office_carpet": {
            "scale": 0.5,
            "albedo": [
                0.431807778775692,
                0.4018913805484772,
                0.3683735430240631
            ],
            "roughness": 0.7171680517494678,
            "metalness": 0
        },
        "wood_floor": {
            "scale": 1.7,
            "albedo": [
                0.21602877974510193,
                0.11545787379145622,
                0.05306144058704376
            ],
            "roughness": 0.46953921020030975,
            "metalness": 0
        },
        "laminate_floor_02": {
            "scale": 1.7,
            "albedo": [
                0.3300797939300537,
                0.21736454218626022,
                0.1250559464097023
            ],
            "roughness": 0.3752633295953274,
            "metalness": 0
        },
        "white_tile_basic": {
            "scale": 2,
            "albedo": [
                0.5208128094673157,
                0.5208128094673157,
                0.5208128094673157
            ],
            "roughness": 0.3060528300702572,
            "metalness": 0
        },
        "concrete_tiles": {
            "scale": 3,
            "albedo": [
                0.19515522196888924,
                0.19701724499464035,
                0.2037704735994339
            ],
            "roughness": 0.5269006676971912,
            "metalness": 0
        },
        "patterned_brick_floor": {
            "scale": 1.8,
            "albedo": [
                0.24037104099988937,
                0.22581427171826363,
                0.20205394178628922
            ],
            "roughness": 0.8126294985413551,
            "metalness": 0
        },
        "white_wall": {
            "scale": 0.5,
            "albedo": [
                0.4733637534081936,
                0.4733637534081936,
                0.4733637534081936
            ],
            "roughness": 0.8325949646532536,
            "metalness": 0
        },
        "synthetic_wood": {
            "scale": 2,
            "albedo": [
                0.18080023303627968,
                0.07994741201400757,
                0.039521459490060806
            ],
            "roughness": 0.7137161865830421,
            "metalness": 0
        },
        "stone_wall": {
            "scale": 2,
            "albedo": [
                0.275228563696146,
                0.2640354335308075,
                0.25293270125985146
            ],
            "roughness": 0.7035156525671482,
            "metalness": 0
        },
        "exterior_wall": {
            "scale": 2,
            "albedo": [
                0.5984321236610413,
                0.5984321236610413,
                0.5984321236610413
            ],
            "roughness": 0.9737177565693855,
            "metalness": 0
        },
        "corrugated_siding": {
            "scale": 2,
            "albedo": [
                0.4751201905310154,
                0.4751201905310154,
                0.4751201905310154
            ],
            "roughness": 0.28702312707901,
            "metalness": 0
        },
        "brushed_concrete": {
            "scale": 2,
            "albedo": [
                0.1471521146595478,
                0.11071854084730148,
                0.07293969392776489
            ],
            "roughness": 0.852257814258337,
            "metalness": 0
        },
        "ceiling_panels": {
            "scale": 2,
            "albedo": [
                0.643142830580473,
                0.6362586505711079,
                0.622433815151453
            ],
            "roughness": 0.5973166488111019,
            "metalness": 0.0009469315409660339
        },
        "white_quilt": {
            "scale": 0.5,
            "albedo": [
                0.5226801261305809,
                0.5226801261305809,
                0.4979250095784664
            ],
            "roughness": 0.9268544018268585,
            "metalness": 0
        },
        "suede": {
            "scale": 0.5,
            "albedo": [
                0.04048611596226692,
                0.023912467062473297,
                0.016754407435655594
            ],
            "roughness": 0.9515202566981316,
            "metalness": 0
        },
        "leather_01": {
            "scale": 0.4,
            "albedo": [
                0.08164219558238983,
                0.025202341377735138,
                0.0036169029772281647
            ],
            "roughness": 0.6595808751881123,
            "metalness": 0
        },
        "corrugated_iron_02": {
            "scale": 2.7,
            "albedo": [
                0.09738103300333023,
                0.09583615884184837,
                0.081159558147192
            ],
            "roughness": 0.51930271089077,
            "metalness": 0
        },
        "simple_metal": {
            "scale": 1,
            "albedo": [
                0.55078125,
                0.5703125,
                0.5703125
            ],
            "roughness": 0.12573141232132912,
            "metalness": 1
        },
        "oxidized_copper": {
            "scale": 1,
            "albedo": [
                0.8910492993891239,
                0.3920367769896984,
                0.27183748036623
            ],
            "roughness": 0.5154916271567345,
            "metalness": 0.977327685803175
        },
        "metal_plate": {
            "scale": 1,
            "albedo": [
                0.47812816873192787,
                0.46912122145295143,
                0.4408355876803398
            ],
            "roughness": 0.7511618509888649,
            "metalness": 1
        },
        "brushed_iron": {
            "scale": 0.5,
            "albedo": [
                0.543106984347105,
                0.5621114298701286,
                0.5621000118553638
            ],