{
    "version": 0,
    "width": 1024,
    "height": 1024,
    "mipCount": 11,
    "byteSize": 11184808,
    "materials": {
        "clean_pebbles": {
            "scale": 2,
            "albedo": [
                0.2969224378466606,
                0.24552897736430168,
                0.20576949790120125
            ],
            "roughness": 0.7656364478170872,
            "metalness": 0
        },
        "hexagonal_concrete_paving": {
            "scale": 1.6,
            "albedo": [
                0.40567298606038094,
                0.33098509535193443,
                0.23934803158044815
            ],
            "roughness": 0.868381604552269,
            "metalness": 0
        },
        "laminate_floor_02": {
            "scale": 1.7,
            "albedo": [
                0.3300797939300537,
                0.21736454218626022,
                0.1250559464097023
            ],
            "roughness": 0.3752633295953274,
            "metalness": 0
        },
        "synthetic_wood": {
            "scale": 2,
            "albedo": [
                0.18080023303627968,
                0.07994741201400757,
                0.039521459490060806
            ],
            "roughness": 0.7137161865830421,
            "metalness": 0
        },
        "simple_metal": {
            "scale": 1,
            "albedo": [
                0.55078125,
                0.5703125,
                0.5703125
            ],
            "roughness": 0.12573141232132912,
            "metalness": 1
        }
    }
}